Index,AAPL.Adjusted,AAPL.Volume
1/2/2003,7.29,6479600
1/3/2003,7.34,5266200
1/6/2003,7.34,13947600
1/7/2003,7.32,12226600
1/8/2003,7.17,8201600
1/9/2003,7.23,7687600
1/10/2003,7.25,6253600
1/13/2003,7.21,6390800
1/14/2003,7.2,6673600
1/15/2003,7.11,13254600
1/16/2003,7.2,19966800
1/17/2003,6.95,9527200
1/21/2003,6.91,9052000
1/22/2003,6.84,7683600
1/23/2003,6.98,8152000
1/24/2003,6.8,10909600
1/27/2003,6.96,13978800
1/28/2003,7.18,10223400
1/29/2003,7.36,13323000
1/30/2003,7.06,14537800
1/31/2003,7.08,12186600
2/3/2003,7.22,9456600
2/4/2003,7.19,11336200
2/5/2003,7.12,7914800
2/6/2003,7.11,6398200
2/7/2003,6.97,9632200
2/10/2003,7.07,5996000
2/11/2003,7.07,5885000
2/12/2003,7.09,8167400
2/13/2003,7.16,7446200
2/14/2003,7.23,8689200
2/18/2003,7.52,10389200
2/19/2003,7.32,8584600
2/20/2003,7.28,8012600
2/21/2003,7.39,5623000
2/24/2003,7.26,6437600
2/25/2003,7.4,6737200
2/26/2003,7.14,7753400
2/27/2003,7.32,5512200
2/28/2003,7.4,6967800
3/3/2003,7.22,7277200
3/4/2003,7.17,4514800
3/5/2003,7.2,4524400
3/6/2003,7.17,3566400
3/7/2003,7.16,7178000
3/10/2003,7.08,4806200
3/11/2003,7.01,5756800
3/12/2003,7.01,7948600
3/13/2003,7.25,11980200
3/14/2003,7.28,5467800
3/17/2003,7.4,14282600
3/18/2003,7.39,8213600
3/19/2003,7.37,5047000
3/20/2003,7.35,5827800
3/21/2003,7.39,10641000
3/24/2003,7.08,5753600
3/25/2003,7.17,5989200
3/26/2003,7.1,6369400
3/27/2003,7.14,4371200
3/28/2003,7.18,5189400
3/31/2003,6.97,9166400
4/1/2003,6.98,5512200
4/2/2003,7.19,6120400
4/3/2003,7.12,5204000
4/4/2003,7.1,5215000
4/7/2003,7.14,7030800
4/8/2003,7.12,4604800
4/9/2003,6.99,5240200
4/10/2003,7.08,3825000
4/11/2003,6.5,49739600
4/14/2003,6.69,17962800
4/15/2003,6.6,10856000
4/16/2003,6.52,36292000
4/17/2003,6.46,22009200
4/21/2003,6.47,5440000
4/22/2003,6.66,10734600
4/23/2003,6.69,7488600
4/24/2003,6.62,11611000
4/25/2003,6.58,7332800
4/28/2003,6.83,22742800
4/29/2003,6.93,16365600
4/30/2003,7.01,16363400
5/1/2003,7.08,12241400
5/2/2003,7.12,11470800
5/5/2003,7.93,55561000
5/6/2003,8.62,54089000
5/7/2003,8.7,37656400
5/8/2003,8.87,24562000
5/9/2003,9.02,21013800
5/12/2003,9.15,14977600
5/13/2003,9.2,15957000
5/14/2003,9.14,12696000
5/15/2003,9.23,10178400
5/16/2003,9.26,12201000
5/19/2003,8.92,15924600
5/20/2003,8.77,14865000
5/21/2003,8.8,10893200
5/22/2003,8.99,6373600
5/23/2003,9.03,7382800
5/27/2003,9.3,10361800
5/28/2003,9.01,12131400
5/29/2003,8.92,11920200
5/30/2003,8.84,13669600
6/2/2003,8.6,14949600
6/3/2003,8.53,12887800
6/4/2003,8.67,9685800
6/5/2003,8.69,7339200
6/6/2003,8.45,8621000
6/9/2003,8.27,9284000
6/10/2003,8.47,6308800
6/11/2003,8.6,8039800
6/12/2003,8.76,9021000
6/13/2003,8.58,6830200
6/16/2003,9,8518800
6/17/2003,8.96,6338000
6/18/2003,9.42,16249400
6/19/2003,9.43,13626000
6/20/2003,9.46,12733800
6/23/2003,9.39,10977200
6/24/2003,9.25,18370800
6/25/2003,9.41,11779000
6/26/2003,9.5,5775200
6/27/2003,9.23,13064000
6/30/2003,9.39,7934000
7/1/2003,9.41,6464000
7/2/2003,9.49,11617800
7/3/2003,9.43,4920400
7/7/2003,9.79,10224000
7/8/2003,10.05,9169200
7/9/2003,9.8,7630200
7/10/2003,9.65,6104800
7/11/2003,9.78,4887800
7/14/2003,9.81,6728800
7/15/2003,9.66,7380200
7/16/2003,9.79,8961800
7/17/2003,10.3,26829000
7/18/2003,10.28,10672800
7/21/2003,10.16,6564600
7/22/2003,10.25,7086600
7/23/2003,10.24,5108400
7/24/2003,10.11,8187000
7/25/2003,10.61,7738800
7/28/2003,10.34,6084200
7/29/2003,10.21,7040000
7/30/2003,9.99,6199800
7/31/2003,10.39,10766600
8/1/2003,10.21,5343000
8/4/2003,10.45,8218400
8/5/2003,10.04,8908600
8/6/2003,9.67,8766600
8/7/2003,9.82,6227800
8/8/2003,9.68,4916400
8/11/2003,9.69,4901000
8/12/2003,9.71,5872800
8/13/2003,9.94,10146400
8/14/2003,9.84,6885000
8/15/2003,9.71,4495200
8/18/2003,10.02,6884800
8/19/2003,10.01,4774600
8/20/2003,10.35,9757600
8/21/2003,10.68,9118800
8/22/2003,10.29,8938000
8/25/2003,10.28,4920800
8/26/2003,10.37,5891400
8/27/2003,10.58,8060800
8/28/2003,10.93,11415200
8/29/2003,11.14,9398400
9/2/2003,11.26,8647600
9/3/2003,11.31,9601000
9/4/2003,11.25,7135000
9/5/2003,11.09,8576200
9/8/2003,11.2,5973000
9/9/2003,11.02,6441800
9/10/2003,10.93,8031800
9/11/2003,11.12,7631600
9/12/2003,11.38,6428200
9/15/2003,10.94,8101600
9/16/2003,11.02,9607400
9/17/2003,10.9,10335600
9/18/2003,11.27,9032400
9/19/2003,11.13,7355600
9/22/2003,10.88,6422200
9/23/2003,11.05,4730400
9/24/2003,10.5,10760200
9/25/2003,10.07,20513600
9/26/2003,10.19,12401800
9/29/2003,10.5,13060800
9/30/2003,10.21,10193800
10/1/2003,10.24,8432600
10/2/2003,10.14,7287800
10/3/2003,10.69,10700000
10/6/2003,10.98,9583200
10/7/2003,11.44,14934800
10/8/2003,11.36,15309600
10/9/2003,11.55,12419600
10/10/2003,11.67,6244200
10/13/2003,12,9995200
10/14/2003,12.1,9836400
10/15/2003,12.23,21789400
10/16/2003,11.46,34845800
10/17/2003,11.21,12850400
10/20/2003,11.44,9969000
10/21/2003,11.42,6302200
10/22/2003,11.21,5771400
10/23/2003,11.33,5900400
10/24/2003,11.14,7852000
10/27/2003,11.14,5786200
10/28/2003,11.69,8989800
10/29/2003,11.67,9538600
10/30/2003,11.38,9305600
10/31/2003,11.28,7791200
11/3/2003,11.41,10815800
11/4/2003,11.29,8901200
11/5/2003,11.35,11516800
11/6/2003,11.39,14181200
11/7/2003,11.09,7505200
11/10/2003,10.79,8367000
11/11/2003,10.61,7681200
11/12/2003,11,10714400
11/13/2003,11.05,7599000
11/14/2003,10.57,8466000
11/17/2003,10.41,8152000
11/18/2003,10.06,9542600
11/19/2003,10.06,12306600
11/20/2003,10.04,8556800
11/21/2003,9.99,8637000
11/24/2003,10.42,13636600
11/25/2003,10.19,9594800
11/26/2003,10.21,8754600
11/28/2003,10.3,2717800
12/1/2003,10.7,12912000
12/2/2003,10.61,7332000
12/3/2003,10.36,6832000
12/4/2003,10.42,6355000
12/5/2003,10.27,6649200
12/8/2003,10.37,5294200
12/9/2003,10.08,4826600
12/10/2003,10.04,9690600
12/11/2003,10.45,6540600
12/12/2003,10.29,6881200
12/15/2003,9.94,13889600
12/16/2003,9.91,13355600
12/17/2003,9.8,9795000
12/18/2003,9.87,11818400
12/19/2003,9.71,16198600
12/22/2003,9.78,13466600
12/23/2003,9.76,11017800
12/24/2003,10.06,6338400
12/26/2003,10.24,3703400
12/29/2003,10.42,8337800
12/30/2003,10.49,7316200
12/31/2003,10.53,6230400
1/2/2004,10.49,5165800
1/5/2004,10.92,14107800
1/6/2004,10.88,18191000
1/7/2004,11.13,20959800
1/8/2004,11.51,16439400
1/9/2004,11.33,15266400
1/12/2004,11.69,17412400
1/13/2004,11.88,24250600
1/14/2004,11.92,22144400
1/15/2004,11.26,36364600
1/16/2004,11.19,13315000
1/20/2004,11.2,11283800
1/21/2004,11.14,8095000
1/22/2004,10.93,7321600
1/23/2004,11.12,8113200
1/26/2004,11.34,9688200
1/27/2004,11.37,10966800
1/28/2004,11.1,9835800
1/29/2004,11.18,7596400
1/30/2004,11.12,6617800
2/2/2004,11,10265400
2/3/2004,10.97,6457600
2/4/2004,10.74,10912600
2/5/2004,11.05,12601600
2/6/2004,11.19,6905000
2/9/2004,11.17,6723600
2/10/2004,11.32,9119400
2/11/2004,11.73,12448000
2/12/2004,11.69,6571000
2/13/2004,11.33,11285000
2/17/2004,11.41,6105600
2/18/2004,11.46,5058400
2/19/2004,11.07,11538600
2/20/2004,11.04,9914400
2/23/2004,10.93,6931400
2/24/2004,11.02,9252000
2/25/2004,11.24,9867000
2/26/2004,11.35,7086000
2/27/2004,11.79,16744200
3/1/2004,11.84,11488600
3/2/2004,11.73,9167400
3/3/2004,11.79,8040400
3/4/2004,12.4,23579400
3/5/2004,13.18,55021400
3/8/2004,12.81,18674000
3/9/2004,13.35,22084400
3/10/2004,13.64,35963000
3/11/2004,13.38,21280400
3/12/2004,13.58,11758000
3/15/2004,13.03,17204200
3/16/2004,12.72,21622600
3/17/2004,12.9,14694000
3/18/2004,12.65,11467200
3/19/2004,12.74,14592000
3/22/2004,12.74,14965400
3/23/2004,12.46,13768400
3/24/2004,12.56,15293400
3/25/2004,13.24,20230200
3/26/2004,13.32,14996200
3/29/2004,13.75,12526000
3/30/2004,13.76,12845600
3/31/2004,13.32,13956200
4/1/2004,13.36,11369000
4/2/2004,13.55,9802800
4/5/2004,13.95,13774000
4/6/2004,13.71,9214000
4/7/2004,13.46,9111400
4/8/2004,13.56,8604200
4/12/2004,13.82,8233600
4/13/2004,13.27,15585600
4/14/2004,13.13,22847600
4/15/2004,14.44,62908800
4/16/2004,14.38,14390400
4/19/2004,13.97,25441200
4/20/2004,13.66,12661400
4/21/2004,13.66,11638400
4/22/2004,13.69,12306600
4/23/2004,13.65,11279600
4/26/2004,13.37,8254600
4/27/2004,13.27,10138000
4/28/2004,13.03,8256000
4/29/2004,13.19,16456800
4/30/2004,12.7,16660800
5/3/2004,12.85,10629800
5/4/2004,12.88,9999400
5/5/2004,13.13,8503800
5/6/2004,13.1,9412800
5/7/2004,13.14,14965600
5/10/2004,12.95,8927800
5/11/2004,13.37,10899000
5/12/2004,13.45,8765000
5/13/2004,13.4,8209000
5/14/2004,13.33,9207200
5/17/2004,13.13,10730200
5/18/2004,13.33,7359400
5/19/2004,13.04,13414000
5/20/2004,13.16,7010600
5/21/2004,13.36,6424800
5/24/2004,13.47,8414400
5/25/2004,14,11427800
5/26/2004,14.05,11506000
5/27/2004,13.88,8427600
5/28/2004,13.83,5204200
6/1/2004,13.83,6504800
6/2/2004,14.25,11382600
6/3/2004,13.99,8961800
6/4/2004,14.18,14254000
6/7/2004,14.69,10567000
6/8/2004,14.95,14843600
6/9/2004,14.88,12471600
6/10/2004,15.15,9199200
6/14/2004,14.84,8713800
6/15/2004,15.12,15879800
6/16/2004,16.13,32487200
6/17/2004,16.17,19690000
6/18/2004,16.22,14509000
6/21/2004,15.93,13936200
6/22/2004,16.26,12875400
6/23/2004,16.6,13959600
6/24/2004,16.35,9018400
6/25/2004,16.6,11551000
6/28/2004,16.01,18610600
6/29/2004,16.01,21091200
6/30/2004,16.03,13323000
7/1/2004,15.92,12212200
7/2/2004,15.31,32524400
7/6/2004,15.25,12463600
7/7/2004,14.97,14214000
7/8/2004,14.85,8335000
7/9/2004,14.8,7459400
7/12/2004,14.36,18272200
7/13/2004,14.4,11292000
7/14/2004,14.57,29850000
7/15/2004,16.23,63133000
7/16/2004,15.87,17442200
7/19/2004,15.75,19041800
7/20/2004,15.87,11562400
7/21/2004,15.58,10759200
7/22/2004,15.61,11932800
7/23/2004,15.13,9770400
7/26/2004,15.4,14069000
7/27/2004,15.98,15178800
7/28/2004,15.9,10180400
7/29/2004,16.08,7934200
7/30/2004,15.93,8679400
8/2/2004,15.56,13039000
8/3/2004,15.42,7558200
8/4/2004,15.66,9874600
8/5/2004,15.47,8732200
8/6/2004,14.67,17581800
8/9/2004,14.93,10387400
8/10/2004,15.53,12537000
8/11/2004,15.28,11514000
8/12/2004,14.96,8078600
8/13/2004,15.2,11716000
8/16/2004,15.17,15559800
8/17/2004,15.21,11536400
8/18/2004,15.64,13023400
8/19/2004,15.13,13890000
8/20/2004,15.18,11313600
8/23/2004,15.31,9095000
8/24/2004,15.74,13362000
8/25/2004,16.28,18057800
8/26/2004,17.08,34137800
8/27/2004,16.93,13886200
8/30/2004,16.81,7790800
8/31/2004,16.99,13448600
9/1/2004,17.67,18418800
9/2/2004,17.57,14511600
9/3/2004,17.36,10481000
9/7/2004,17.62,10784200
9/8/2004,17.91,12268800
9/9/2004,17.59,16476400
9/10/2004,17.67,11714800
9/13/2004,17.54,10070600
9/14/2004,17.49,9100800
9/15/2004,17.34,8309600
9/16/2004,17.91,17925600
9/17/2004,18.3,17939600
9/20/2004,18.58,8750000
9/21/2004,18.73,13809000
9/22/2004,18.19,14346000
9/23/2004,18.36,14193000
9/24/2004,18.37,13196000
9/27/2004,18.49,14197000
9/28/2004,18.74,12613800
9/29/2004,19.06,9768200
9/30/2004,19.09,15179000
10/1/2004,19.05,16621600
10/4/2004,19.11,20503000
10/5/2004,19.4,14505800
10/6/2004,20.02,15939400
10/7/2004,19.52,15219600
10/8/2004,19.25,12829600
10/11/2004,19.01,11566800
10/12/2004,18.87,16435400
10/13/2004,19.59,41536000
10/14/2004,22.16,98872400
10/15/2004,22.42,36826000
10/18/2004,23.53,42884000
10/19/2004,23.37,28642600
10/20/2004,23.39,21611000
10/21/2004,23.62,25875200
10/22/2004,23.36,17252400
10/25/2004,23.43,14023000
10/26/2004,23.64,21227200
10/27/2004,24.78,42624800
10/28/2004,25.72,30866600
10/29/2004,25.82,28936400
11/1/2004,25.84,21501800
11/2/2004,26.36,26071000
11/3/2004,27.25,43006200
11/4/2004,26.83,33165200
11/5/2004,26.96,43037400
11/8/2004,26.79,18818600
11/9/2004,26.63,16991600
11/10/2004,26.98,18167000
11/11/2004,27.25,14546400
11/12/2004,27.35,14132200
11/15/2004,27.22,13430200
11/16/2004,27.07,10539400
11/17/2004,27.05,14205400
11/18/2004,27.29,16398200
11/19/2004,27.18,27331400
11/22/2004,30.23,91721800
11/23/2004,30.19,32551800
11/24/2004,31.56,49671000
11/26/2004,31.81,19648000
11/29/2004,33.72,61175600
11/30/2004,33.04,36732800
12/1/2004,33.4,28591200
12/2/2004,32.13,35265800
12/3/2004,30.88,44244600
12/6/2004,32.41,44568600
12/7/2004,30.99,37746400
12/8/2004,31.18,24710800
12/9/2004,31.53,26482200
12/10/2004,32.1,27706200
12/13/2004,31.98,14108600
12/14/2004,32.17,14847200
12/15/2004,32.16,14227200
12/16/2004,32.82,40218400
12/17/2004,32.02,27982000
12/20/2004,30.9,41718800
12/21/2004,31.38,38014800
12/22/2004,31.41,20208200
12/23/2004,31.54,8783200
12/27/2004,31.12,19981800
12/28/2004,31.62,21848400
12/29/2004,31.75,16055800
12/30/2004,31.93,12333600
12/31/2004,31.73,9949600
1/3/2005,31.18,24714000
1/4/2005,31.5,39171800
1/5/2005,31.78,24301200
1/6/2005,31.81,25198400
1/7/2005,34.12,79551800
1/10/2005,33.98,61618200
1/11/2005,31.81,93272400
1/12/2005,32.25,68560800
1/13/2005,34.39,113025600
1/14/2005,34.59,63240800
1/18/2005,34.81,35945000
1/19/2005,34.43,26853400
1/20/2005,34.72,32675800
1/21/2005,34.73,32547600
1/24/2005,34.87,30058200
1/25/2005,35.5,34615400
1/26/2005,35.6,26410600
1/27/2005,35.79,17722400
1/28/2005,36.45,28629000
1/31/2005,37.89,60039200
2/1/2005,38.2,24228400
2/2/2005,39.24,36430800
2/3/2005,38.34,26130400
2/4/2005,38.85,20127000
2/7/2005,38.9,18730600
2/8/2005,39.86,31786400
2/9/2005,38.8,42552000
2/10/2005,38.61,39036400
2/11/2005,40.01,42894800
2/14/2005,41.7,45409400
2/15/2005,43.56,82579200
2/16/2005,44.41,58544400
2/17/2005,43.27,54231200
2/18/2005,42.77,41544800
2/22/2005,42.02,43546200
2/23/2005,43.47,48042200
2/24/2005,43.82,54251000
2/25/2005,43.85,32696800
2/28/2005,44.21,23271800
3/1/2005,43.85,16721000
3/2/2005,43.48,16362900
3/3/2005,41.18,50416200
3/4/2005,42.19,27022100
3/7/2005,42.13,16094000
3/8/2005,39.94,36480400
3/9/2005,38.78,47230900
3/10/2005,39.25,27753900
3/11/2005,39.68,22601100
3/14/2005,39.73,21620900
3/15/2005,40.36,18164600
3/16/2005,40.58,24921900
3/17/2005,41.64,28640000
3/18/2005,42.34,33576800
3/21/2005,43.06,19326000
3/22/2005,42.21,19693400
3/23/2005,41.93,21779400
3/24/2005,41.88,12596600
3/28/2005,41.91,9836100
3/29/2005,41.14,16477000
3/30/2005,42.18,14105700
3/31/2005,41.06,22719100
4/1/2005,40.3,22903000
4/4/2005,40.49,20714800
4/5/2005,41.28,19865700
4/6/2005,41.71,14815200
4/7/2005,42.93,18106700
4/8/2005,43.1,23212500
4/11/2005,41.31,29345100
4/12/2005,42.04,35037900
4/13/2005,40.44,48998100
4/14/2005,36.72,98328300
4/15/2005,34.84,61717400
4/18/2005,35.1,47399200
4/19/2005,36.55,38630100
4/20/2005,34.99,33754700
4/21/2005,36.64,27128300
4/22/2005,34.98,29968900
4/25/2005,36.44,26659300
4/26/2005,35.66,28946700
4/27/2005,35.43,21924600
4/28/2005,35.02,20539500
4/29/2005,35.54,23986800
5/2/2005,35.9,16640000
5/3/2005,35.68,17740700
5/4/2005,36.61,16006300
5/5/2005,36.15,13834500
5/6/2005,36.7,11651700
5/9/2005,36.43,12703400
5/10/2005,35.89,15723700
5/11/2005,35.09,72927900
5/12/2005,33.63,34651500
5/13/2005,34.26,25096900
5/16/2005,35.03,16939100
5/17/2005,34.85,21012300
5/18/2005,35.32,22740100
5/19/2005,37,28327200
5/20/2005,37,16166100
5/23/2005,39.18,37234800
5/24/2005,39.12,21195000
5/25/2005,39.2,14143100
5/26/2005,40.15,18768600
5/27/2005,39.97,11286000
5/31/2005,39.18,14435900
6/1/2005,39.71,16207600
6/2/2005,39.46,13356200
6/3/2005,37.68,34173900
6/6/2005,37.37,28998800
6/7/2005,36.01,26616600
6/8/2005,36.38,14428800
6/9/2005,37.1,13937700
6/10/2005,35.29,24247600
6/13/2005,35.38,15563300
6/14/2005,35.48,12423100
6/15/2005,36.59,20119400
6/16/2005,37.43,19559800
6/17/2005,37.75,21290200
6/20/2005,37.06,11561300
6/21/2005,37.31,13233100
6/22/2005,37.99,15175900
6/23/2005,38.32,24080500
6/24/2005,37.21,14668200
6/27/2005,36.56,21434700
6/28/2005,36.77,12510700
6/29/2005,35.84,16012800
6/30/2005,36.27,14942500
7/1/2005,35.97,8928600
7/5/2005,37.43,16223900
7/6/2005,36.85,14093800
7/7/2005,37.08,13704400
7/8/2005,37.69,10383400
7/11/2005,37.55,13885300
7/12/2005,37.68,13822800
7/13/2005,37.79,24458400
7/14/2005,40.16,74859300
7/15/2005,40.95,24560100
7/18/2005,40.89,20939200
7/19/2005,42.56,23966500
7/20/2005,43,16192700
7/21/2005,42.66,14438000
7/22/2005,43.36,10753800
7/25/2005,43.17,10522400
7/26/2005,43,9592600
7/27/2005,43.35,10133900
7/28/2005,43.16,8975400
7/29/2005,42.03,20074300
8/1/2005,42.13,11223200
8/2/2005,42.56,10602700
8/3/2005,42.59,9225800
8/4/2005,42.09,9618000
8/5/2005,42.36,8640400
8/8/2005,42.03,6299400
8/9/2005,43.18,13601400
8/10/2005,42.75,12890900
8/11/2005,43.36,9713700
8/12/2005,45.43,32715600
8/15/2005,46.99,38811700
8/16/2005,45.58,19200800
8/17/2005,46.46,17847300
8/18/2005,45.63,15805700
8/19/2005,45.16,13448900
8/22/2005,45.2,13847600
8/23/2005,45.07,10557300
8/24/2005,45.1,20431100
8/25/2005,45.39,9866200
8/26/2005,45.07,9323500
8/29/2005,45.17,9153400
8/30/2005,45.89,18527200
8/31/2005,46.21,14391300
9/1/2005,45.59,12727400
9/2/2005,45.55,7942100
9/6/2005,48.09,29236400
9/7/2005,47.97,34395500
9/8/2005,49.06,25094300
9/9/2005,50.56,21987200
9/12/2005,50.65,16171300
9/13/2005,50.08,17603000
9/14/2005,48.89,16943800
9/15/2005,49.14,14827000
9/16/2005,50.47,21107300
9/19/2005,51.87,27990400
9/20/2005,52.42,29279600
9/21/2005,51.35,15526700
9/22/2005,51.15,16561700
9/23/2005,52.43,19944900
9/26/2005,53.06,19520100
9/27/2005,52.66,12203700
9/28/2005,50.34,40198000
9/29/2005,51.58,22744500
9/30/2005,52.83,18986900
10/3/2005,53.65,18126900
10/4/2005,52.97,19266400
10/5/2005,52.01,21813200
10/6/2005,50.95,27054900
10/7/2005,50.55,24210100
10/10/2005,49.64,18125200
10/11/2005,50.84,43781600
10/12/2005,48.53,96338800
10/13/2005,52.96,66627700
10/14/2005,53.21,36984000
10/17/2005,52.66,22029800
10/18/2005,51.45,21771000
10/19/2005,54.14,36024400
10/20/2005,55.32,48491500
10/21/2005,54.85,28454500
10/24/2005,55.96,21776900
10/25/2005,55.28,16611700
10/26/2005,56.2,22556900
10/27/2005,54.6,14697900
10/28/2005,53.68,27492400
10/31/2005,56.75,33601600
11/1/2005,56.66,26774500
11/2/2005,59.08,30609300
11/3/2005,60.95,31585100
11/4/2005,60.26,31358400
11/7/2005,59.35,22815400
11/8/2005,59.03,16920200
11/9/2005,59.24,19747500
11/10/2005,60.29,23762300
11/11/2005,60.64,15194600
11/14/2005,60.56,13211900
11/15/2005,61.37,19172900
11/16/2005,64.01,28018400
11/17/2005,63.58,24150200
11/18/2005,63.62,18748700
11/21/2005,64.02,18275400
11/22/2005,65.55,19295800
11/23/2005,66.13,17351900
11/25/2005,68.33,14107600
11/28/2005,68.65,36375700
11/29/2005,67.11,31836900
11/30/2005,66.83,21274100
12/1/2005,70.56,29031900
12/2/2005,71.57,31991500
12/5/2005,70.78,20845400
12/6/2005,72.97,30608200
12/7/2005,72.87,24266600
12/8/2005,73,28231500
12/9/2005,73.25,19835800
12/12/2005,73.82,18749800
12/13/2005,73.89,17636300
12/14/2005,70.96,51811300
12/15/2005,71.13,20041500
12/16/2005,70.08,23970400
12/19/2005,70.34,18903400
12/20/2005,71.06,17111000
12/21/2005,72.43,16990600
12/22/2005,72.94,13236100
12/23/2005,72.28,8209200
12/27/2005,73.15,21092500
12/28/2005,72.5,14218400
12/29/2005,70.41,17500900
12/30/2005,70.84,22295100
1/3/2006,73.66,28829800
1/4/2006,73.88,22128700
1/5/2006,73.3,16050800
1/6/2006,75.19,25159200
1/9/2006,74.94,24108600
1/10/2006,79.68,81423900
1/11/2006,82.68,53349800
1/12/2006,83.06,45743200
1/13/2006,84.35,27725200
1/17/2006,83.48,29843700
1/18/2006,81.29,42879900
1/19/2006,77.89,60566000
1/20/2006,74.98,40527100
1/23/2006,76.54,37847500
1/24/2006,74.93,40794800
1/25/2006,73.12,45563800
1/26/2006,71.28,42192400
1/27/2006,70.98,34066600
1/30/2006,73.91,49942900
1/31/2006,74.41,32626500
2/1/2006,74.32,18613800
2/2/2006,71.05,25261500
2/3/2006,70.8,24718700
2/6/2006,66.32,58991700
2/7/2006,66.62,49601100
2/8/2006,67.81,34039800
2/9/2006,64.01,41063000
2/10/2006,66.33,62874200
2/13/2006,63.77,31553500
2/14/2006,66.66,41462100
2/15/2006,68.21,41420400
2/16/2006,69.54,33863400
2/17/2006,69.27,20571400
2/21/2006,68.08,27843100
2/22/2006,70.28,34937100
2/23/2006,70.71,30604200
2/24/2006,70.42,19098000
2/27/2006,69.96,28258600
2/28/2006,67.49,45249300
3/1/2006,68.09,27279200
3/2/2006,68.6,22331200
3/3/2006,66.73,26345300
3/6/2006,64.53,32595200
3/7/2006,65.35,31174200
3/8/2006,64.7,23330400
3/9/2006,63,28546600
3/10/2006,62.27,37255100
3/13/2006,64.72,30756700
3/14/2006,66.34,22929300
3/15/2006,65.27,31857000
3/16/2006,63.37,26772800
3/17/2006,63.72,29001500
3/20/2006,63.06,21622900
3/21/2006,60.91,47991700
3/22/2006,60.77,48067700
3/23/2006,59.28,50993800
3/24/2006,59.09,38285000
3/27/2006,58.64,39574000
3/28/2006,57.86,48940100
3/29/2006,61.42,83815500
3/30/2006,61.84,49666100
3/31/2006,61.81,29119900
4/3/2006,61.74,29135400
4/4/2006,60.28,33283000
4/5/2006,66.23,79764600
4/6/2006,70.2,95134600
4/7/2006,68.77,55187100
4/10/2006,67.67,32268400
4/11/2006,67,33547000
4/12/2006,65.74,26424800
4/13/2006,65.5,26238500
4/17/2006,63.87,25783500
4/18/2006,65.26,28387300
4/19/2006,64.7,38786900
4/20/2006,66.65,59535100
4/21/2006,66.06,28178100
4/24/2006,64.79,25251000
4/25/2006,65.21,18895100
4/26/2006,67.16,25388800
4/27/2006,68.35,30212400
4/28/2006,69.37,27144200
5/1/2006,68.59,26799300
5/2/2006,70.58,27559400
5/3/2006,70.11,24535400
5/4/2006,70.1,30729300
5/5/2006,70.84,20139700
5/8/2006,70.84,21244700
5/9/2006,70,18988100
5/10/2006,69.57,16424600
5/11/2006,67.16,29024600
5/12/2006,66.72,22920500
5/15/2006,66.8,18899200
5/16/2006,64.03,33455000
5/17/2006,64.31,26935500
5/18/2006,62.26,23515800
5/19/2006,63.57,35209500
5/22/2006,62.46,25677700
5/23/2006,62.23,24800500
5/24/2006,62.42,32715400
5/25/2006,63.39,16549000
5/26/2006,62.63,15462500
5/30/2006,60.33,20121500
5/31/2006,58.9,45749200
6/1/2006,61.27,33661000
6/2/2006,60.76,24492400
6/5/2006,59.13,21635200
6/6/2006,58.85,25929900
6/7/2006,57.71,26803800
6/8/2006,59.88,49910100
6/9/2006,58.38,27708500
6/12/2006,56.17,25635200
6/13/2006,57.48,38594400
6/14/2006,56.77,31362000
6/15/2006,58.52,42513700
6/16/2006,56.72,29932200
6/19/2006,56.37,25163400
6/20/2006,56.63,24034800
6/21/2006,57.02,30832000
6/22/2006,58.71,34486900
6/23/2006,57.97,23578700
6/26/2006,58.13,16662000
6/27/2006,56.59,19664700
6/28/2006,55.21,30382300
6/29/2006,58.11,31192800
6/30/2006,56.44,26417700
7/3/2006,57.11,6956100
7/5/2006,56.17,18508600
7/6/2006,54.96,22614600
7/7/2006,54.59,28548600
7/10/2006,54.2,18905200
7/11/2006,54.84,29465100
7/12/2006,52.19,33118900
7/13/2006,51.49,44639500
7/14/2006,49.93,35465600
7/17/2006,51.61,36590800
7/18/2006,52.13,35730300
7/19/2006,53.31,49669400
7/20/2006,59.62,70433800
7/21/2006,59.84,31853300
7/24/2006,60.53,25816300
7/25/2006,61.03,21038200
7/26/2006,62.94,32086700
7/27/2006,62.48,26251600
7/28/2006,64.64,24696700
7/31/2006,66.97,31887200
8/1/2006,66.2,25420200
8/2/2006,67.17,19670300
8/3/2006,68.58,30037300
8/4/2006,67.31,66173800
8/7/2006,66.23,44482600
8/8/2006,63.84,35638000
8/9/2006,62.67,34137100
8/10/2006,63.14,24920000
8/11/2006,62.72,27768900
8/14/2006,63.01,25629300
8/15/2006,65.48,30762600
8/16/2006,66.99,27903000
8/17/2006,66.61,20755300
8/18/2006,66.92,19155500
8/21/2006,65.59,18793800
8/22/2006,66.64,20606000
8/23/2006,66.33,19152100
8/24/2006,66.82,23399700
8/25/2006,67.75,19427100
8/28/2006,66.01,26362900
8/29/2006,65.51,33833300
8/30/2006,65.99,24290800
8/31/2006,66.86,20524900
9/1/2006,67.39,14589100
9/5/2006,70.44,36159200
9/6/2006,69.01,34789400
9/7/2006,71.74,45284200
9/8/2006,71.47,31997200
9/11/2006,71.45,33897300
9/12/2006,71.57,60167400
9/13/2006,73.12,40933500
9/14/2006,73.09,28633200
9/15/2006,73.02,35066200
9/18/2006,72.82,25188500
9/19/2006,72.7,25358900
9/20/2006,74.17,29385400
9/21/2006,73.56,28361600
9/22/2006,71.94,23754000
9/25/2006,74.65,30678300
9/26/2006,76.48,39391000
9/27/2006,75.3,28941900
9/28/2006,75.89,25843200
9/29/2006,75.86,14493300
10/2/2006,73.77,25451400
10/3/2006,73,28239600
10/4/2006,74.28,29610100
10/5/2006,73.74,24424400
10/6/2006,73.14,16677100
10/9/2006,73.54,15650800
10/10/2006,72.74,18985300
10/11/2006,72.16,20423400
10/12/2006,74.17,21173400
10/13/2006,73.93,24435600
10/16/2006,74.3,18167600
10/17/2006,73.21,17175900
10/18/2006,73.45,40496700
10/19/2006,77.84,54034900
10/20/2006,78.79,22836200
10/23/2006,80.28,29732400
10/24/2006,79.87,16543300
10/25/2006,80.49,17329100
10/26/2006,80.99,15455600
10/27/2006,79.24,21248800
10/30/2006,79.25,17854200
10/31/2006,79.9,17909800
11/1/2006,78.01,21828300
11/2/2006,77.83,16624400
11/3/2006,77.15,15424600
11/6/2006,78.55,15520600
11/7/2006,79.34,18783300
11/8/2006,81.25,24675600
11/9/2006,82.13,32966200
11/10/2006,81.91,13352300
11/13/2006,83.12,16095500
11/14/2006,83.76,21034100
11/15/2006,82.83,23404400
11/16/2006,84.36,24783600
11/17/2006,84.6,16658000
11/20/2006,85.21,20385500
11/21/2006,87.31,22238100
11/22/2006,89,23997900
11/24/2006,90.3,18524200
11/27/2006,88.24,38387000
11/28/2006,90.47,37006200
11/29/2006,90.46,41324400
11/30/2006,90.33,31088800
12/1/2006,89.99,28395700
12/4/2006,89.79,25340600
12/5/2006,89.94,23672800
12/6/2006,88.52,22792300
12/7/2006,85.77,35886700
12/8/2006,86.98,28009900
12/11/2006,87.46,17849300
12/12/2006,84.89,36665000
12/13/2006,87.75,30609000
12/14/2006,87.26,29726100
12/15/2006,86.44,26426400
12/18/2006,84.23,25770600
12/19/2006,85.05,32550200
12/20/2006,83.53,20274700
12/21/2006,81.69,32271400
12/22/2006,81,21903700
12/26/2006,80.32,17524600
12/27/2006,80.33,69134100
12/28/2006,79.69,39995600
12/29/2006,83.61,38443900
1/3/2007,82.58,44225700
1/4/2007,84.41,30259300
1/5/2007,83.81,29812200
1/8/2007,84.23,28468100
1/9/2007,91.22,119617800
1/10/2007,95.59,105460000
1/11/2007,94.41,51437600
1/12/2007,93.24,46881800
1/16/2007,95.69,44431300
1/17/2007,93.57,58795000
1/18/2007,87.77,84450200
1/19/2007,87.21,48731200
1/22/2007,85.53,51929500
1/23/2007,84.45,43122300
1/24/2007,85.44,33136200
1/25/2007,85,32356200
1/26/2007,84.14,35245500
1/29/2007,84.69,32202300
1/30/2007,84.31,20641800
1/31/2007,84.48,30573900
2/1/2007,83.51,23726500
2/2/2007,83.52,22197500
2/5/2007,82.72,20673300
2/6/2007,82.93,30871200
2/7/2007,84.9,38100900
2/8/2007,84.93,24251100
2/9/2007,82.06,30733600
2/12/2007,83.65,25859700
2/13/2007,83.47,20749500
2/14/2007,84.06,18142200
2/15/2007,83.97,12987900
2/16/2007,83.6,14281000
2/20/2007,84.65,22060800
2/21/2007,87.9,41261200
2/22/2007,88.21,29936600
2/23/2007,87.77,18496200
2/26/2007,87.22,21994600
2/27/2007,82.71,40921900
2/28/2007,83.38,32838400
3/1/2007,85.79,50554600
3/2/2007,84.17,30714300
3/5/2007,85.06,29960700
3/6/2007,86.91,25828100
3/7/2007,86.44,22367300
3/8/2007,86.72,18250400
3/9/2007,86.69,16137000
3/12/2007,88.56,26050300
3/13/2007,87.11,30996100
3/14/2007,88.69,28449500
3/15/2007,88.27,19982100
3/16/2007,88.29,20418000
3/19/2007,89.8,25462900
3/20/2007,90.15,17461300
3/21/2007,92.5,24532000
3/22/2007,92.59,20053300
3/23/2007,92.16,16103000
3/26/2007,94.46,30892400
3/27/2007,94.07,33287600
3/28/2007,91.88,33654900
3/29/2007,92.39,25918700
3/30/2007,91.56,21448500
4/2/2007,92.29,17928300
4/3/2007,93.13,20854800
4/4/2007,92.9,17028000
4/5/2007,93.3,12697000
4/9/2007,92.29,14762200
4/10/2007,92.88,12588100
4/11/2007,91.24,19607800
4/12/2007,90.85,23452700
4/13/2007,88.93,25712200
4/16/2007,90.1,21751200
4/17/2007,89.04,26854300
4/18/2007,89.09,16573000
4/19/2007,88.96,15211200
4/20/2007,89.65,18670700
4/23/2007,92.15,27867500
4/24/2007,91.88,37687600
4/25/2007,93.96,42398000
4/26/2007,97.4,62063500
4/27/2007,98.47,24978700
4/30/2007,98.35,22018200
5/1/2007,98.02,19018700
5/2/2007,98.93,18040900
5/3/2007,98.94,20574200
5/4/2007,99.34,13642400
5/7/2007,102.41,30769900
5/8/2007,103.53,27999900
5/9/2007,105.33,25634200
5/10/2007,105.78,42759200
5/11/2007,107.16,23346300
5/14/2007,107.77,23283800
5/15/2007,105.96,34089800
5/16/2007,105.78,40241700
5/17/2007,107.85,26260400
5/18/2007,108.42,22190900
5/21/2007,110.35,22853300
5/22/2007,111.89,20443200
5/23/2007,111.25,32549100
5/24/2007,109.08,31691500
5/25/2007,111.97,22605700
5/29/2007,112.69,23060500
5/30/2007,117.04,52801600
5/31/2007,119.43,46323800
6/1/2007,116.68,31616500
6/4/2007,119.57,31666900
6/5/2007,120.89,32885200
6/6/2007,121.84,39722900
6/7/2007,122.27,68395700
6/8/2007,122.68,44345800
6/11/2007,118.44,66937800
6/12/2007,118.63,50948800
6/13/2007,115.79,61476900
6/14/2007,117.02,34759500
6/15/2007,118.75,28972100
6/18/2007,123.27,32521600
6/19/2007,121.86,33679500
6/20/2007,119.78,32054000
6/21/2007,122.1,30965900
6/22/2007,121.21,22567000
6/25/2007,120.56,34478700
6/26/2007,117.91,48035900
6/27/2007,120.12,34810600
6/28/2007,118.81,29933700
6/29/2007,120.26,40637200
7/2/2007,119.5,35530800
7/3/2007,125.32,41517200
7/5/2007,130.82,51894700
7/6/2007,130.38,31239100
7/9/2007,128.43,35565000
7/10/2007,130.42,44821700
7/11/2007,130.46,29349000
7/12/2007,132.12,25164600
7/13/2007,135.73,32414500
7/16/2007,136.09,33432600
7/17/2007,136.89,25355700
7/18/2007,136.11,27030600
7/19/2007,137.96,26174700
7/20/2007,141.66,41706200
7/23/2007,141.61,37017500
7/24/2007,132.93,64117600
7/25/2007,135.26,53435100
7/26/2007,143.88,78093900
7/27/2007,141.76,41467800
7/30/2007,139.37,39535300
7/31/2007,129.84,62942600
8/1/2007,133.04,62505600
8/2/2007,134.5,30451600
8/3/2007,129.93,24256700
8/6/2007,133.28,33041800
8/7/2007,133.07,33926300
8/8/2007,132.06,28860600
8/9/2007,124.55,40192700
8/10/2007,123.18,50383900
8/13/2007,125.93,26889700
8/14/2007,122.23,26393100
8/15/2007,118.16,35459000
8/16/2007,115.35,66667500
8/17/2007,120.28,42680800
8/20/2007,120.44,28689900
8/21/2007,125.71,46537400
8/22/2007,130.58,37920200
8/23/2007,129.16,30958500
8/24/2007,133.33,32565500
8/27/2007,130.33,25265700
8/28/2007,124.98,42120200
8/29/2007,132.13,41673600
8/30/2007,134.27,51270800
8/31/2007,136.47,31317400
9/4/2007,142.06,47030100
9/5/2007,134.77,83150800
9/6/2007,133.05,67902200
9/7/2007,129.85,51092000
9/10/2007,134.72,53137100
9/11/2007,133.52,34710200
9/12/2007,134.86,36527500
9/13/2007,135.2,23434400
9/14/2007,136.79,21690000
9/17/2007,136.4,28334700
9/18/2007,138.87,38003200
9/19/2007,138.72,36674300
9/20/2007,138.27,24708600
9/21/2007,142.05,40674300
9/24/2007,146.12,37577200
9/25/2007,150.95,42591100
9/26/2007,150.55,34831000
9/27/2007,152.25,23507100
9/28/2007,151.24,21967900
10/1/2007,154.07,29895300
10/2/2007,156.15,28288200
10/3/2007,155.62,24732800
10/4/2007,153.97,23462800
10/5/2007,159.1,33695400
10/8/2007,165.47,29854600
10/9/2007,165.42,39438800
10/10/2007,164.36,23842500
10/11/2007,159.87,58714000
10/12/2007,164.82,35292000
10/15/2007,164.55,38497500
10/16/2007,167.11,38136800
10/17/2007,170.24,40271900
10/18/2007,170.98,29417000
10/19/2007,167.94,46135000
10/22/2007,171.82,58910700
10/23/2007,183.45,64113000
10/24/2007,183.23,46017200
10/25/2007,180.12,34771500
10/26/2007,182.01,25219800
10/29/2007,182.4,19305500
10/30/2007,184.28,33550500
10/31/2007,187.19,29761100
11/1/2007,184.71,28751300
11/2/2007,185.14,35789800
11/5/2007,183.47,28720600
11/6/2007,189,34097400
11/7/2007,183.59,35473400
11/8/2007,172.92,67458500
11/9/2007,162.96,54458700
11/12/2007,151.52,63057700
11/13/2007,167.49,62034100
11/14/2007,163.69,51695400
11/15/2007,161.91,53095600
11/16/2007,163.97,49391300
11/19/2007,161.57,41196800
11/20/2007,166.39,55130100
11/21/2007,166.01,43493200
11/23/2007,169.04,16634200
11/26/2007,170.03,46634100
11/27/2007,172.27,47036800
11/28/2007,177.6,41104000
11/29/2007,181.61,37533100
11/30/2007,179.57,42421500
12/3/2007,176.26,34338200
12/4/2007,177.19,27635700
12/5/2007,182.8,31871500
12/6/2007,187.19,32136100
12/7/2007,191.47,38073800
12/10/2007,191.39,25799200
12/11/2007,185.8,39675900
12/12/2007,188.08,43773600
12/13/2007,189.04,30879200
12/14/2007,187.62,24082600
12/17/2007,181.72,36596200
12/18/2007,180.32,43664400
12/19/2007,180.46,29552800
12/20/2007,184.49,27644900
12/21/2007,191.09,35498600
12/24/2007,195.91,17150100
12/26/2007,196.06,25133300
12/27/2007,195.68,28411700
12/28/2007,196.92,24987400
12/31/2007,195.2,19261900
1/2/2008,192.01,38542100
1/3/2008,192.09,30073800
1/4/2008,177.43,51994000
1/7/2008,175.06,74006900
1/8/2008,168.76,54422000
1/9/2008,176.79,64781500
1/10/2008,175.43,52963400
1/11/2008,170.18,44010200
1/14/2008,176.18,39301800
1/15/2008,166.58,83688500
1/16/2008,157.32,79065900
1/17/2008,158.55,62780700
1/18/2008,159.01,61583700
1/22/2008,153.38,86955500
1/23/2008,137.05,120463200
1/24/2008,133.63,71638100
1/25/2008,128.12,55526400
1/28/2008,128.12,52673000
1/29/2008,129.63,39285100
1/30/2008,130.26,44394700
1/31/2008,133.39,48059800
2/1/2008,131.8,36098000
2/4/2008,129.74,32115500
2/5/2008,127.48,40751500
2/6/2008,120.23,56188300
2/7/2008,119.48,74404700
2/8/2008,123.65,48427600
2/11/2008,127.57,42908300
2/12/2008,123.04,43785000
2/13/2008,127.52,34590500
2/14/2008,125.61,34074900
2/15/2008,122.82,32189300
2/19/2008,120.4,35894500
2/20/2008,122.02,34551400
2/21/2008,119.77,33504100
2/22/2008,117.72,54638500
2/25/2008,118,44884800
2/26/2008,117.42,53746000
2/27/2008,121.17,52683500
2/28/2008,128.02,57794800
2/29/2008,123.2,44838600
3/3/2008,119.96,56894400
3/4/2008,122.81,63763700
3/5/2008,122.68,43637000
3/6/2008,119.17,52632100
3/7/2008,120.47,43945100
3/10/2008,117.95,35699600
3/11/2008,125.5,41569400
3/12/2008,124.2,37843900
3/13/2008,126.08,45075100
3/14/2008,124.77,41308600
3/17/2008,124.89,38307100
3/18/2008,130.89,43040000
3/19/2008,127.78,36090600
3/20/2008,131.33,32456700
3/24/2008,137.5,38104300
3/25/2008,138.93,37585400
3/26/2008,142.95,42217300
3/27/2008,138.21,35708200
3/28/2008,140.93,25521800
3/31/2008,141.41,27430900
4/1/2008,147.35,36877400
4/2/2008,145.34,37320300
4/3/2008,149.4,37556000
4/4/2008,150.85,30514900
4/7/2008,153.62,41368800
4/8/2008,150.62,36224800
4/9/2008,149.24,31192800
4/10/2008,152.3,34134400
4/11/2008,145,43217000
4/14/2008,145.63,30181700
4/15/2008,146.22,24929900
4/16/2008,151.46,28420500
4/17/2008,152.24,25152400
4/18/2008,158.7,36670200
4/21/2008,165.71,37112600
4/22/2008,157.87,51413300
4/23/2008,160.52,53721100
4/24/2008,166.48,60573800
4/25/2008,167.26,35445500
4/28/2008,169.73,28114800
4/29/2008,172.5,32981300
4/30/2008,171.42,40697300
5/1/2008,177.38,32270600
5/2/2008,178.31,35931500
5/5/2008,182.04,30519900
5/6/2008,183.94,32816800
5/7/2008,179.93,41326200
5/8/2008,182.37,32110200
5/9/2008,180.78,24038300
5/12/2008,185.42,29234400
5/13/2008,187.2,29401300
5/14/2008,183.55,32743700
5/15/2008,186.97,31186000
5/16/2008,184.89,27348900
5/19/2008,180.93,33779300
5/20/2008,183.2,34637500
5/21/2008,175.6,41344900
5/22/2008,174.47,43097700
5/23/2008,178.53,32389900
5/27/2008,183.72,28210900
5/28/2008,184.29,26570700
5/29/2008,183.97,23113800
5/30/2008,186,21792300
6/2/2008,183.39,24280000
6/3/2008,182.67,26804300
6/4/2008,182.5,25963700
6/5/2008,186.67,26980200
6/6/2008,182.94,34438700
6/9/2008,178.97,67442600
6/10/2008,182.94,40728600
6/11/2008,178.18,34341100
6/12/2008,170.74,46726200
6/13/2008,169.86,48069900
6/16/2008,174.27,37561800
6/17/2008,178.79,32130600
6/18/2008,176.15,28981000
6/19/2008,178.27,28283900
6/20/2008,172.72,31727400
6/23/2008,170.64,23063600
6/24/2008,170.73,22212400
6/25/2008,174.81,23016100
6/26/2008,165.81,31057500
6/27/2008,167.62,37223200
6/30/2008,165,24435600
7/1/2008,172.14,39688600
7/2/2008,165.73,29911400
7/3/2008,167.65,18691500
7/7/2008,172.61,29299700
7/8/2008,176.94,31726800
7/9/2008,171.72,31992000
7/10/2008,174.06,30024600
7/11/2008,170.07,33214700
7/14/2008,171.35,31644800
7/15/2008,167.17,37144400
7/16/2008,170.3,26706800
7/17/2008,169.31,27054500
7/18/2008,162.75,31014800
7/21/2008,163.87,48588200
7/22/2008,159.66,67128300
7/23/2008,163.84,37920300
7/24/2008,156.72,29986400
7/25/2008,159.76,22629900
7/28/2008,152.15,27882600
7/29/2008,154.8,24431100
7/30/2008,157.55,25899400
7/31/2008,156.64,22767800
8/1/2008,154.38,19451400
8/4/2008,151,21161700
8/5/2008,158.3,24584700
8/6/2008,161.8,28264600
8/7/2008,161.19,24013300
8/8/2008,167.08,25499900
8/11/2008,171.04,31832300
8/12/2008,174.16,29867100
8/13/2008,176.69,30083800
8/14/2008,176.71,25403600
8/15/2008,173.18,25294700
8/18/2008,172.84,19714800
8/19/2008,171.01,22007300
8/20/2008,173.28,18105400
8/21/2008,171.75,19276600
8/22/2008,174.22,15700400
8/25/2008,170.04,17300900
8/26/2008,171.11,15912500
8/27/2008,172.13,17063600
8/28/2008,171.21,15406600
8/29/2008,167.06,21403200
9/2/2008,163.77,27884400
9/3/2008,164.53,26244100
9/4/2008,158.87,26549500
9/5/2008,157.85,28103000
9/8/2008,155.62,37356400
9/9/2008,149.47,44465200
9/10/2008,149.4,34755100
9/11/2008,150.43,34683400
9/12/2008,146.77,28322400
9/15/2008,138.32,32879800
9/16/2008,137.85,42851300
9/17/2008,125.97,42873400
9/18/2008,132.14,59866200
9/19/2008,138.86,51102700
9/22/2008,129.14,30596900
9/23/2008,125,45727300
9/24/2008,126.84,37393400
9/25/2008,130.01,35930200
9/26/2008,126.37,40230400
9/29/2008,103.73,93644900
9/30/2008,112.01,58095800
10/1/2008,107.53,46303000
10/2/2008,98.64,57477300
10/3/2008,95.66,81942800
10/6/2008,96.71,75264900
10/7/2008,87.86,67099000
10/8/2008,88.48,78847900
10/9/2008,87.45,57763700
10/10/2008,95.39,79260700
10/13/2008,108.66,54967000
10/14/2008,102.57,70749800
10/15/2008,96.53,56577700
10/16/2008,100.41,70732900
10/17/2008,95.98,62936700
10/20/2008,97.01,55280200
10/21/2008,90.16,78345000
10/22/2008,95.46,80314600
10/23/2008,96.8,59836800
10/24/2008,94.98,56787800
10/27/2008,90.75,43170400
10/28/2008,98.46,58361900
10/29/2008,103.03,69677800
10/30/2008,109.42,58503200
10/31/2008,106.03,59277000
11/3/2008,105.4,37783500
11/4/2008,109.38,49952900
11/5/2008,101.8,44873400
11/6/2008,97.66,47109800
11/7/2008,96.81,39116200
11/10/2008,94.49,40136500
11/11/2008,93.39,43733500
11/12/2008,88.81,42106300
11/13/2008,95.04,66217400
11/14/2008,88.93,50188100
11/17/2008,86.86,41518800
11/18/2008,88.6,43203400
11/19/2008,85.03,41853600
11/20/2008,79.32,61314800
11/21/2008,81.38,56045400
11/24/2008,91.6,51509200
11/25/2008,89.48,44117600
11/26/2008,93.62,32137000
11/28/2008,91.32,10634800
12/1/2008,87.64,32991700
12/2/2008,91.12,41025800
12/3/2008,94.51,47810000
12/4/2008,90.08,38977500
12/5/2008,92.63,37278400
12/8/2008,98.27,42326500
12/9/2008,98.6,42982000
12/10/2008,96.78,33501700
12/11/2008,93.62,37164900
12/12/2008,96.84,37184800
12/15/2008,93.37,31848500
12/16/2008,94.04,39053800
12/17/2008,87.86,46209300
12/18/2008,88.13,30622000
12/19/2008,88.69,28640000
12/22/2008,84.49,30169300
12/23/2008,85.12,22679700
12/24/2008,83.8,9690500
12/26/2008,84.56,11011600
12/29/2008,85.35,24500000
12/30/2008,85.03,34557200
12/31/2008,84.11,21697900
1/2/2009,89.43,26643400
1/5/2009,93.2,42200300
1/6/2009,91.67,46046800
1/7/2009,89.69,26894600
1/8/2009,91.35,23912000
1/9/2009,89.26,19530200
1/12/2009,87.37,22061300
1/13/2009,86.43,28514200
1/14/2009,84.09,36488000
1/15/2009,82.17,65415500
1/16/2009,81.13,37415200
1/20/2009,77.06,32854100
1/21/2009,81.63,38902500
1/22/2009,87.07,50340300
1/23/2009,87.07,27277500
1/26/2009,88.34,24722800
1/27/2009,89.41,22072800
1/28/2009,92.83,30764500
1/29/2009,91.65,21168900
1/30/2009,88.82,23267100
2/2/2009,90.18,19937400
2/3/2009,91.63,21403900
2/4/2009,92.19,28872200
2/5/2009,95.06,26758800
2/6/2009,98.27,24543200
2/9/2009,101.02,25536100
2/10/2009,96.41,30323600
2/11/2009,95.41,24106200
2/12/2009,97.83,29185300
2/13/2009,97.72,21749200
2/17/2009,93.16,24222800
2/18/2009,93,24456400
2/19/2009,89.32,32957300
2/20/2009,89.87,26797000
2/23/2009,85.69,28106500
2/24/2009,88.94,28825200
2/25/2009,89.83,29751900
2/26/2009,87.89,22495300
2/27/2009,88.01,25237800
3/2/2009,86.66,27533200
3/3/2009,87.08,25869300
3/4/2009,89.84,26478700
3/5/2009,87.55,25246400
3/6/2009,84.06,36112400
3/9/2009,81.9,24939200
3/10/2009,87.34,30152100
3/11/2009,91.33,30227600
3/12/2009,94.95,27444900
3/13/2009,94.53,21470300
3/16/2009,94.03,28473000
3/17/2009,98.21,28094500
3/18/2009,100.04,28429900
3/19/2009,100.14,17863600
3/20/2009,100.11,24842400
3/23/2009,106.09,23799900
3/24/2009,104.95,22879000
3/25/2009,104.94,23093500
3/26/2009,108.27,22009000
3/27/2009,105.3,17602600
3/30/2009,102.97,17957000
3/31/2009,103.59,20338500
4/1/2009,107.11,21049000
4/2/2009,111.07,29013100
4/3/2009,114.3,22722900
4/6/2009,116.73,23502300
4/7/2009,113.33,19163600
4/8/2009,114.63,16272500
4/9/2009,117.83,18955600
4/13/2009,118.47,13901300
4/14/2009,116.59,16236500
4/15/2009,115.93,14745800
4/16/2009,119.68,21194500
4/17/2009,121.62,17767700
4/20/2009,118.75,16659500
4/21/2009,119.99,16810200
4/22/2009,119.74,33527400
4/23/2009,123.58,33755600
4/24/2009,122.1,19313000
4/27/2009,122.92,17167500
4/28/2009,122.1,16280600
4/29/2009,123.32,16361100
4/30/2009,124,17803200
5/1/2009,125.39,14197000
5/4/2009,130.15,21762800
5/5/2009,130.78,14223400
5/6/2009,130.57,16912100
5/7/2009,127.18,18992000
5/8/2009,127.31,16713000
5/11/2009,127.69,14452100
5/12/2009,122.61,21767200
5/13/2009,117.75,21284700
5/14/2009,121.16,15993800
5/15/2009,120.64,13127400
5/18/2009,124.81,16387200
5/19/2009,125.6,13300800
5/20/2009,124.04,13878000
5/21/2009,122.37,14569500
5/22/2009,120.72,10642800
5/26/2009,128.88,22747400
5/27/2009,131.11,23086500
5/28/2009,133.11,17412600
5/29/2009,133.83,16304800
6/1/2009,137.32,16160700
6/2/2009,137.46,16293700
6/3/2009,138.9,20185700
6/4/2009,141.65,19665500
6/5/2009,142.57,22597000
6/8/2009,141.76,33273300
6/9/2009,140.64,24177300
6/10/2009,138.21,24593700
6/11/2009,137.91,18743700
6/12/2009,134.98,20110200
6/15/2009,134.11,19276800
6/16/2009,134.37,18385900
6/17/2009,133.61,20407600
6/18/2009,133.9,15274300
6/19/2009,137.45,25780600
6/22/2009,135.37,22675500
6/23/2009,132.06,25233300
6/24/2009,134.24,17340200
6/25/2009,137.83,21051700
6/26/2009,140.37,15692300
6/29/2009,139.9,20272000
6/30/2009,140.36,15508000
7/1/2009,140.75,14792100
7/2/2009,137.98,13231400
7/6/2009,136.59,17810300
7/7/2009,133.43,16485600
7/8/2009,135.22,20568900
7/9/2009,134.38,12250900
7/10/2009,136.51,15902700
7/13/2009,140.27,17267900
7/14/2009,140.2,12401700
7/15/2009,144.74,17342400
7/16/2009,145.37,14056100
7/17/2009,149.54,21505500
7/20/2009,150.69,26268800
7/21/2009,149.31,31242200
7/22/2009,154.46,31218000
7/23/2009,155.52,18820100
7/24/2009,157.66,15655800
7/27/2009,157.77,15475400
7/28/2009,157.67,12984100
7/29/2009,157.7,13648500
7/30/2009,160.42,16771600
7/31/2009,161.01,15090600
8/3/2009,164.01,14080000
8/4/2009,163.14,14136100
8/5/2009,162.71,15113700
8/6/2009,161.53,12200600
8/7/2009,163.1,13834100
8/10/2009,162.32,10724800
8/11/2009,160.46,12690800
8/12/2009,162.91,15895400
8/13/2009,165.97,15713600
8/14/2009,164.35,10922000
8/17/2009,157.27,18727900
8/18/2009,161.61,15398300
8/19/2009,162.21,14759700
8/20/2009,163.91,12215400
8/21/2009,166.76,14859800
8/24/2009,166.6,14533200
8/25/2009,166.94,11584100
8/26/2009,164.97,10857100
8/27/2009,166.99,16042200
8/28/2009,167.58,16203600
8/31/2009,165.76,11119200
9/1/2009,162.9,16751000
9/2/2009,162.78,13008900
9/3/2009,164.13,10498400
9/4/2009,167.83,13379600
9/8/2009,170.41,11251700
9/9/2009,168.65,28967400
9/10/2009,170.05,17540500
9/11/2009,169.66,12462900
9/14/2009,171.19,11500400
9/15/2009,172.61,15231100
9/16/2009,179.22,26929400
9/17/2009,181.87,28949000
9/18/2009,182.33,21485100
9/21/2009,181.34,15632700
9/22/2009,181.8,12741200
9/23/2009,182.8,21198700
9/24/2009,181.15,19674300
9/25/2009,179.72,15901400
9/28/2009,183.44,12051600
9/29/2009,182.68,12335200
9/30/2009,182.65,19270900
10/1/2009,178.23,18739700
10/2/2009,182.21,19761000
10/5/2009,183.31,15111900
10/6/2009,187.25,21610200
10/7/2009,187.48,16631000
10/8/2009,186.52,15650400
10/9/2009,187.7,10474000
10/12/2009,188.03,10286600
10/13/2009,187.26,12429300
10/14/2009,188.51,13411100
10/15/2009,187.79,13341300
10/16/2009,185.31,15408100
10/19/2009,187.1,33651100
10/20/2009,195.87,40751400
10/21/2009,201.94,42633100
10/22/2009,202.22,28264000
10/23/2009,200.97,15028100
10/26/2009,199.53,17297800
10/27/2009,194.5,27019700
10/28/2009,189.6,29228100
10/29/2009,193.49,20366800
10/30/2009,185.76,25625900
11/2/2009,186.56,24249400
11/3/2009,186,18662200
11/4/2009,188.03,17411800
11/5/2009,191.21,13742900
11/6/2009,191.51,10539200
11/9/2009,198.53,18887700
11/10/2009,200.03,14328400
11/11/2009,200.29,15852500
11/12/2009,199.05,12990400
11/13/2009,201.48,12258600
11/16/2009,203.62,17328800
11/17/2009,203.99,14161200
11/18/2009,202.96,13368600
11/19/2009,197.59,19368800
11/20/2009,197.01,14523800
11/23/2009,202.89,16960600
11/24/2009,201.47,11372800
11/25/2009,201.22,10230500
11/27/2009,197.67,10544900
11/30/2009,197,15173500
12/1/2009,194.1,16634400
12/2/2009,193.38,25545000
12/3/2009,193.62,16025700
12/4/2009,190.51,29531600
12/7/2009,186.2,25527100
12/8/2009,187.11,24657100
12/9/2009,194.92,24456500
12/10/2009,193.57,17488200
12/11/2009,191.84,15349100
12/14/2009,194.11,17706800
12/15/2009,191.35,14980700
12/16/2009,192.19,12606600
12/17/2009,189.07,13887100
12/18/2009,192.59,21741800
12/21/2009,195.35,21853800
12/22/2009,197.45,12482700
12/23/2009,199.16,12340200
12/24/2009,206,17888900
12/28/2009,208.53,23020200
12/29/2009,206.06,15900200
12/30/2009,208.56,14717300
12/31/2009,207.66,12586100
1/4/2010,210.9,17633200
1/5/2010,211.26,21496600
1/6/2010,207.9,19720000
1/7/2010,207.52,17040400
1/8/2010,208.9,15986100
1/11/2010,207.05,16508200
1/12/2010,204.7,21230700
1/13/2010,207.59,21639000
1/14/2010,206.38,15460500
1/15/2010,202.93,21216700
1/19/2010,211.91,26071700
1/20/2010,208.65,21862600
1/21/2010,205.04,21719800
1/22/2010,194.87,31491700
1/25/2010,200.12,38060700
1/26/2010,202.94,66682500
1/27/2010,204.86,61520300
1/28/2010,196.39,41910800
1/29/2010,189.27,44498300
2/1/2010,191.9,26781300
2/2/2010,193.01,24940800
2/3/2010,196.33,21976000
2/4/2010,189.26,27059000
2/5/2010,192.62,30368100
2/8/2010,191.3,17081100
2/9/2010,193.34,22603100
2/10/2010,192.28,13227200
2/11/2010,195.78,19655200
2/12/2010,197.47,23409600
2/16/2010,200.44,19419200
2/17/2010,199.6,15585600
2/18/2010,199.98,15100900
2/19/2010,198.74,14838200
2/22/2010,197.5,13948700
2/23/2010,194.19,20539100
2/24/2010,197.74,16448800
2/25/2010,199.06,23754500
2/26/2010,201.64,18123600
3/1/2010,205.95,19646200
3/2/2010,205.81,20233800
3/3/2010,206.29,13287600
3/4/2010,207.65,13072900
3/5/2010,215.77,32129300
3/8/2010,215.89,15353200
3/9/2010,219.78,32866400
3/10/2010,221.57,21293500
3/11/2010,222.22,14489300
3/12/2010,223.3,14868700
3/15/2010,220.58,17625100
3/16/2010,221.19,15961000
3/17/2010,220.86,16105600
3/18/2010,221.38,12218200
3/19/2010,219.02,19980200
3/22/2010,221.48,16300700
3/23/2010,225.04,21515400
3/24/2010,226.03,21349300
3/25/2010,223.35,19367300
3/26/2010,227.54,22888400
3/29/2010,229.01,19312300
3/30/2010,232.42,18832500
3/31/2010,231.58,15380700
4/1/2010,232.54,21540900
4/5/2010,235.02,24446700
4/6/2010,236.06,15964900
4/7/2010,237.1,22446500
4/8/2010,236.46,20463900
4/9/2010,238.27,11935100
4/12/2010,238.77,11893800
4/13/2010,238.9,10936100
4/14/2010,242.12,14431300
4/15/2010,245.3,13456600
4/16/2010,243.8,26805200
4/19/2010,243.48,20247300
4/20/2010,241.03,26368800
4/21/2010,255.45,35085400
4/22/2010,262.59,28336600
4/23/2010,266.89,28462700
4/26/2010,265.58,17109600
4/27/2010,258.23,25333700
4/28/2010,257.79,27085800
4/29/2010,264.73,19958600
4/30/2010,257.29,19373700
5/3/2010,262.48,16226500
5/4/2010,254.92,25850700
5/5/2010,252.27,31539400
5/6/2010,242.67,45923600
5/7/2010,232.43,59857800
5/10/2010,250.3,35153800
5/11/2010,252.79,30318100
5/12/2010,258.28,23370700
5/13/2010,254.6,21418300
5/14/2010,250.13,27120100
5/17/2010,250.52,27244100
5/18/2010,248.69,27952800
5/19/2010,244.73,36633100
5/20/2010,234.3,45818400
5/21/2010,238.8,43710400
5/24/2010,243.17,26937100
5/25/2010,241.65,37428800
5/26/2010,240.56,30380500
5/27/2010,249.66,23795800
5/28/2010,253.14,29129100
6/1/2010,257.04,31302600
6/2/2010,260.11,24591000
6/3/2010,259.29,23218100
6/4/2010,252.24,27082300
6/7/2010,247.29,31676500
6/8/2010,245.7,35741800
6/9/2010,239.66,30522500
6/10/2010,246.87,27727000
6/11/2010,249.82,19491400
6/14/2010,250.58,21534300
6/15/2010,255.91,20895500
6/16/2010,263.36,27988500
6/17/2010,267.92,31173400
6/18/2010,270.08,28022200
6/21/2010,266.24,27731800
6/22/2010,269.87,25616500
6/23/2010,267.03,27444900
6/24/2010,265.09,25509900
6/25/2010,262.82,19640800
6/28/2010,264.4,20891000
6/29/2010,252.44,40476600
6/30/2010,247.87,26409000
7/1/2010,244.87,36532000
7/2/2010,243.35,24780100
7/6/2010,245.01,21972700
7/7/2010,254.91,23377000
7/8/2010,254.34,26362300
7/9/2010,255.84,15475800
7/12/2010,253.55,20102800
7/13/2010,248.14,42533000
7/14/2010,249.05,29001700
7/15/2010,247.79,29459500
7/16/2010,246.27,37137800
7/19/2010,242.01,36588500
7/20/2010,248.23,38391100
7/21/2010,250.54,42345400
7/22/2010,255.25,23047100
7/23/2010,256.16,19049600
7/26/2010,255.51,15019700
7/27/2010,260.24,20884700
7/28/2010,257.16,18570900
7/29/2010,254.36,22993100
7/30/2010,253.51,16007500
8/2/2010,258.04,15287700
8/3/2010,258.12,14916200
8/4/2010,259.15,15013400
8/5/2010,257.89,10324900
8/6/2010,256.31,15889200
8/9/2010,257.94,10826000
8/10/2010,255.64,16140000
8/11/2010,246.55,22144800
8/12/2010,248.13,19104300
8/13/2010,245.48,12673900
8/16/2010,244.04,11372500
8/17/2010,248.3,15094300
8/18/2010,249.39,12132000
8/19/2010,246.25,15239500
8/20/2010,246.01,13722500
8/23/2010,242.22,14787200
8/24/2010,236.44,21520200
8/25/2010,239.36,21316700
8/26/2010,236.78,16660900
8/27/2010,238.11,19585400
8/30/2010,238.97,13688900
8/31/2010,239.56,15028100
9/1/2010,246.69,24894200
9/2/2010,248.5,14836700
9/3/2010,255.01,18599600
9/7/2010,254.06,12234200
9/8/2010,259.1,18805400
9/9/2010,259.24,15663400
9/10/2010,259.58,13840800
9/13/2010,263.16,13885000
9/14/2010,264.16,14576800
9/15/2010,266.29,15334600
9/16/2010,272.55,23289400
9/17/2010,271.36,22659900
9/20/2010,279.11,23524200
9/21/2010,279.64,23859800
9/22/2010,283.56,20903200
9/23/2010,284.72,28075600
9/24/2010,288.07,23196000
9/27/2010,286.92,17244100
9/28/2010,282.69,36965800
9/29/2010,283.19,16773000
9/30/2010,279.62,24049700
10/1/2010,278.41,16005100
10/4/2010,274.59,15546500
10/5/2010,284.74,17927400
10/6/2010,284.98,23959600
10/7/2010,285.01,14585700
10/8/2010,289.79,23514400
10/11/2010,291.06,15276900
10/12/2010,294.2,19948000
10/13/2010,295.77,22503300
10/14/2010,297.91,15546300
10/15/2010,310.16,32935500
10/18/2010,313.37,39036100
10/19/2010,304.99,44028000
10/20/2010,306.01,25772300
10/21/2010,305.02,19695000
10/22/2010,303,13313500
10/25/2010,304.35,14016500
10/26/2010,303.57,14033200
10/27/2010,303.35,14250100
10/28/2010,300.8,19680400
10/29/2010,296.6,15375400
11/1/2010,299.76,15138900
11/2/2010,304.86,15497500
11/3/2010,308.25,18155300
11/4/2010,313.64,22946000
11/5/2010,312.52,12901900
11/8/2010,313.99,10062800
11/9/2010,311.48,13698000
11/10/2010,313.4,13722400
11/11/2010,312.04,12903000
11/12/2010,303.55,28423100
11/15/2010,302.57,14414500
11/16/2010,297.2,23487500
11/17/2010,296.13,17123200
11/18/2010,303.94,17660400
11/19/2010,302.27,13744400
11/22/2010,308.8,14038400
11/23/2010,304.24,18551700
11/24/2010,310.22,14775900
11/26/2010,310.42,8485200
11/29/2010,312.26,15920900
11/30/2010,306.62,17923500
12/1/2010,311.8,16491100
12/2/2010,313.52,16529900
12/3/2010,312.82,12217600
12/6/2010,315.49,16017200
12/7/2010,313.58,13980500
12/8/2010,316.34,11497700
12/9/2010,315.11,10505400
12/10/2010,315.9,9375400
12/13/2010,316.99,15707700
12/14/2010,315.63,12536000
12/15/2010,315.7,14904000
12/16/2010,316.58,11501100
12/17/2010,315.95,13818900
12/20/2010,317.52,13771800
12/21/2010,319.48,9155500
12/22/2010,320.43,9497200
12/23/2010,318.89,7969900
12/27/2010,319.96,8922000
12/28/2010,320.74,6283000
12/29/2010,320.56,5826400
12/30/2010,318.95,5624800
12/31/2010,317.87,6911000
1/3/2011,324.78,15897800
1/4/2011,326.47,11038600
1/5/2011,329.14,9125700
1/6/2011,328.88,10729600
1/7/2011,331.23,11140400
1/10/2011,337.47,16020000
1/11/2011,336.67,15861000
1/12/2011,339.41,10806800
1/13/2011,340.65,10599300
1/14/2011,343.41,11030000
1/18/2011,335.7,67178500
1/19/2011,333.91,40557600
1/20/2011,327.84,27313900
1/21/2011,321.97,26942900
1/24/2011,332.54,20524400
1/25/2011,336.43,19531000
1/26/2011,338.85,18102700
1/27/2011,338.22,10179500
1/28/2011,331.21,21144900
1/31/2011,334.38,13473100
2/1/2011,340.01,15236900
2/2/2011,339.31,9248400
2/3/2011,338.44,14064200
2/4/2011,341.46,11494300
2/7/2011,346.76,17322200
2/8/2011,350.03,13608600
2/9/2011,352.95,17240900
2/10/2011,349.38,33162500
2/11/2011,351.66,13127600
2/14/2011,353.96,11086300
2/15/2011,354.67,10149100
2/16/2011,357.85,17184200
2/17/2011,353.09,18949400
2/18/2011,345.46,29144900
2/22/2011,333.68,31162700
2/23/2011,337.64,23994800
2/24/2011,337.89,17853600
2/25/2011,343.1,13572100
2/28/2011,348.07,14395500
3/1/2011,344.23,16290600
3/2/2011,347,21521100
3/3/2011,354.33,17885300
3/4/2011,354.76,16188100
3/7/2011,350.19,19504400
3/8/2011,350.59,12725600
3/9/2011,347.34,16189500
3/10/2011,341.63,18126400
3/11/2011,346.87,16824300
3/14/2011,348.42,15569900
3/15/2011,340.41,25752900
3/16/2011,325.21,41500400
3/17/2011,329.77,23550800
3/18/2011,325.86,26900500
3/21/2011,334.36,14621500
3/22/2011,336.24,11640100
3/23/2011,334.26,13321300
3/24/2011,339.95,14454000
3/25/2011,346.43,16032500
3/28/2011,345.34,11048400
3/29/2011,345.86,12603600
3/30/2011,343.56,11764500
3/31/2011,343.44,9786400
4/1/2011,339.55,14952200
4/4/2011,336.23,16431600
4/5/2011,333.96,17240400
4/6/2011,333.12,14376400
4/7/2011,333.16,13337400
4/8/2011,330.19,13483400
4/11/2011,325.99,14248100
4/12/2011,327.57,15201400
4/13/2011,331.24,12365000
4/14/2011,327.58,10778600
4/15/2011,322.7,16200200
4/18/2011,327.02,21782100
4/19/2011,332.95,14977800
4/20/2011,337.43,25023800
4/21/2011,345.6,26921800
4/25/2011,347.88,9519500
4/26/2011,345.32,12100000
4/27/2011,345.06,12721900
4/28/2011,341.71,12891400
4/29/2011,345.04,35940900
5/2/2011,341.24,15811200
5/3/2011,343.14,11191000
5/4/2011,344.49,13901800
5/5/2011,341.71,11998900
5/6/2011,341.62,10004800
5/9/2011,342.54,7312400
5/10/2011,344.37,10074700
5/11/2011,342.18,1.20E+07
5/12/2011,341.53,11500000
5/13/2011,335.55,11647000
5/16/2011,328.45,16063400
5/17/2011,331.25,16154800
5/18/2011,334.93,11956300
5/19/2011,335.58,9327500
5/20/2011,330.34,12070300
5/23/2011,329.54,13700000
5/24/2011,327.36,11497400
5/25/2011,331.88,10508000
5/26/2011,330.13,7948600
5/27/2011,332.5,7271400
5/31/2011,342.77,14919800
6/1/2011,340.48,19810100
6/2/2011,341.07,12099400
6/3/2011,338.44,11187500
6/6/2011,333.12,16497900
6/7/2011,327.21,18920900
6/8/2011,327.41,11918700
6/9/2011,326.67,9824600
6/10/2011,321.16,15498400
6/13/2011,321.85,11773500
6/14/2011,327.6,11948900
6/15/2011,322,14257000
6/16/2011,320.43,18235400
6/17/2011,315.6,21965000
6/20/2011,310.73,22880200
6/21/2011,320.57,17620800
6/22/2011,317.92,13949400
6/23/2011,326.41,19991400
6/24/2011,321.6,15707400
6/27/2011,327.21,12136200
6/28/2011,330.38,10510700
6/29/2011,329.18,12590900
6/30/2011,330.79,11534100
7/1/2011,338.27,15546900
7/5/2011,344.35,12680500
7/6/2011,346.64,15879500
7/7/2011,352,14273700
7/8/2011,354.48,17497400
7/11/2011,348.85,15809800
7/12/2011,348.6,16128900
7/13/2011,352.81,13987100
7/14/2011,352.57,15376200
7/15/2011,359.61,17302400
7/18/2011,368.36,20451900
7/19/2011,371.37,29255200
7/20/2011,381.27,33619300
7/21/2011,381.66,18804800
7/22/2011,387.58,18454600
7/25/2011,392.7,21064500
7/26/2011,397.54,17020800
7/27/2011,386.88,23547300
7/28/2011,386.12,21215500
7/29/2011,384.8,22592300
8/1/2011,390.98,21887000
8/2/2011,383.25,22840700
8/3/2011,386.86,26161000
8/4/2011,371.88,31121700
8/5/2011,368.19,43021100
8/8/2011,348.07,40851200
8/9/2011,368.57,38663700
8/10/2011,358.4,31380600
8/11/2011,368.26,26498900
8/12/2011,371.51,18892000
8/15/2011,377.83,16448000
8/16/2011,374.95,17812500
8/17/2011,374.91,15787900
8/18/2011,360.73,30408400
8/19/2011,350.85,27710300
8/22/2011,351.26,19118400
8/23/2011,368.17,23458400
8/24/2011,370.71,22366700
8/25/2011,368.28,31119500
8/26/2011,378,22909900
8/29/2011,384.3,14473900
8/30/2011,384.32,14925800
8/31/2011,379.23,18663800
9/1/2011,375.49,12275900
9/2/2011,368.61,15676400
9/6/2011,374.22,18203500
9/7/2011,378.35,12520600
9/8/2011,378.55,14862800
9/9/2011,371.99,20171900
9/12/2011,374.41,16708300
9/13/2011,379.03,15734300
9/14/2011,383.64,19097300
9/15/2011,387.24,14922100
9/16/2011,394.67,24946900
9/19/2011,405.64,29423600
9/20/2011,407.44,27705500
9/21/2011,406.15,21642000
9/22/2011,395.98,34588600
9/23/2011,398.42,19509900
9/26/2011,397.31,29031300
9/27/2011,393.45,22589200
9/28/2011,391.24,15344200
9/29/2011,384.89,23253100
9/30/2011,375.77,19558600
10/3/2011,369.15,23896400
10/4/2011,367.08,44059900
10/5/2011,372.75,28088200
10/6/2011,371.88,29020800
10/7/2011,364.42,19123500
10/10/2011,383.15,15804100
10/11/2011,394.47,21631700
10/12/2011,396.34,22224500
10/13/2011,402.49,15220900
10/14/2011,415.86,20477400
10/17/2011,413.88,24501600
10/18/2011,416.1,31485800
10/19/2011,392.82,39430700
10/20/2011,389.56,19616800
10/21/2011,387.16,22187300
10/24/2011,399.87,17933500
10/25/2011,391.98,15372400
10/26/2011,394.77,16296600
10/27/2011,398.8,17666600
10/28/2011,399.06,11530100
10/31/2011,398.89,13767900
11/1/2011,390.74,18992500
11/2/2011,391.63,11723400
11/3/2011,397.21,15763800
11/4/2011,394.42,10793900
11/7/2011,393.92,9652700
11/8/2011,400.32,14301500
11/9/2011,389.53,19953000
11/10/2011,379.62,26598300
11/11/2011,379.03,23349500
11/14/2011,373.74,15460900
11/15/2011,383.17,15386100
11/16/2011,379.17,12471800
11/17/2011,371.92,17139300
11/18/2011,369.49,13283500
11/21/2011,363.64,15999300
11/22/2011,371.03,14607900
11/23/2011,361.65,15295400
11/25/2011,358.28,9098600
11/28/2011,370.65,12371900
11/29/2011,367.77,13423400
11/30/2011,376.64,14497800
12/1/2011,382.29,13827900
12/2/2011,384.03,13537700
12/5/2011,387.29,12757500
12/6/2011,385.26,10128500
12/7/2011,383.43,10883800
12/8/2011,384.98,13441300
12/9/2011,387.89,10606900
12/12/2011,386.14,10752400
12/13/2011,383.15,12104600
12/14/2011,374.66,14531700
12/15/2011,373.43,9150000
12/16/2011,375.48,15052800
12/19/2011,376.65,8411800
12/20/2011,390.19,12043400
12/21/2011,390.68,9391000
12/22/2011,392.75,7227100
12/23/2011,397.46,9621400
12/27/2011,400.62,9467000
12/28/2011,396.78,8166500
12/29/2011,399.23,7713500
12/30/2011,399.11,6416500
1/3/2012,405.25,10793600
1/4/2012,407.43,9286500
1/5/2012,411.95,9688200
1/6/2012,416.26,11367600
1/9/2012,415.6,14072300
1/10/2012,417.08,9221300
1/11/2012,416.4,7681600
1/12/2012,415.26,7592400
1/13/2012,413.7,8072200
1/17/2012,418.52,8674900
1/18/2012,422.87,9885400
1/19/2012,421.53,9347800
1/20/2012,414.19,14784800
1/23/2012,421.19,10930800
1/24/2012,414.29,19558500
1/25/2012,440.16,34225500
1/26/2012,438.16,11570900
1/27/2012,440.77,10703900
1/30/2012,446.42,13547900
1/31/2012,449.84,13988700
2/1/2012,449.55,9644500
2/2/2012,448.5,6671300
2/3/2012,452.99,10235700
2/6/2012,457.22,8907600
2/7/2012,462.01,11293700
2/8/2012,469.75,14567500
2/9/2012,486,31579100
2/10/2012,486.24,22546500
2/13/2012,495.29,18472000
2/14/2012,502.05,16442800
2/15/2012,490.43,53790000
2/16/2012,494.91,33734000
2/17/2012,494.82,19135900
2/21/2012,507.36,21628400
2/22/2012,505.58,17260800
2/23/2012,508.88,20286700
2/24/2012,514.81,14824000
2/27/2012,518.11,19556500
2/28/2012,527.62,21442400
2/29/2012,534.55,34000400
3/1/2012,536.55,24402500
3/2/2012,537.25,15418300
3/5/2012,525.4,28897300
3/6/2012,522.55,28937100
3/7/2012,522.97,28518600
3/8/2012,534.11,18444900
3/9/2012,537.24,14961400
3/12/2012,543.97,14545800
3/13/2012,559.84,24673400
3/14/2012,581,50673000
3/15/2012,577.04,41418500
3/16/2012,577.05,29481700
3/19/2012,592.36,32187000
3/20/2012,597.15,29166500
3/21/2012,593.74,23001500
3/22/2012,590.62,22281100
3/23/2012,587.38,15374600
3/26/2012,598.15,21276500
3/27/2012,605.54,21683200
3/28/2012,608.64,23409300
3/29/2012,600.99,21722800
3/30/2012,590.83,26108500
4/2/2012,609.63,21369700
4/3/2012,620.17,29805700
4/4/2012,615.23,20463600
4/5/2012,624.46,22903500
4/9/2012,626.98,21340600
4/10/2012,619.3,31775900
4/11/2012,617.09,24879100
4/12/2012,613.71,21940600
4/13/2012,596.43,30701600
4/16/2012,571.69,37528100
4/17/2012,600.83,36626000
4/18/2012,599.49,34090400
4/19/2012,578.9,29811400
4/20/2012,564.65,36820900
4/23/2012,563.38,34518900
4/24/2012,552.13,38433900
4/25/2012,601.13,32349200
4/26/2012,598.86,19145300
4/27/2012,594.23,14525800
4/30/2012,575.49,18076600
5/1/2012,573.66,21821400
5/2/2012,577.46,15263900
5/3/2012,573.36,13948200
5/4/2012,557.03,18928300
5/7/2012,561.2,16432800
5/8/2012,559.92,17759000
5/9/2012,560.9,17168000
5/10/2012,562.22,11900000
5/11/2012,558.47,14269500
5/14/2012,550.1,12593800
5/15/2012,545.12,17012000
5/16/2012,538.14,20032000
5/17/2012,522.41,25615000
5/18/2012,522.67,26153300
5/21/2012,553.12,22539500
5/22/2012,548.87,24816800
5/23/2012,562.26,20889200
5/24/2012,557.1,17722500
5/25/2012,554.11,11732400
5/29/2012,563.95,13589600
5/30/2012,570.75,18908200
5/31/2012,569.33,17559800
6/1/2012,552.83,18606700
6/4/2012,556.08,19892700
6/5/2012,554.64,13864800
6/6/2012,563.15,14337700
6/7/2012,563.4,13563100
6/8/2012,571.88,12411300
6/11/2012,562.86,21116600
6/12/2012,567.78,15549300
6/13/2012,563.84,10485000
6/14/2012,563.22,12341900
6/15/2012,565.78,11973400
6/18/2012,577.26,15729000
6/19/2012,578.87,12907300
6/20/2012,577.22,12819400
6/21/2012,569.27,11655400
6/22/2012,573.63,10159700
6/25/2012,562.47,10870800
6/26/2012,563.71,9876300
6/27/2012,566.14,7249900
6/28/2012,560.77,10101300
6/29/2012,575.51,15053600
7/2/2012,583.9,14289000
7/3/2012,590.69,8632600
7/5/2012,601.07,17299400
7/6/2012,597.07,14961800
7/9/2012,604.96,13550200
7/10/2012,599.36,18284200
7/11/2012,595.64,16761500
7/12/2012,590.19,15287200
7/13/2012,596.17,11122400
7/16/2012,598.08,10759300
7/17/2012,598.11,10486600
7/18/2012,597.44,9025000
7/19/2012,605.38,15602200
7/20/2012,595.51,14195400
7/23/2012,595.05,17427700
7/24/2012,592.18,20183300
7/25/2012,566.61,31332600
7/26/2012,566.52,14522600
7/27/2012,576.65,14426300
7/30/2012,586.37,13540800
7/31/2012,601.88,16511700
8/1/2012,597.98,13732200
8/2/2012,598.95,11862800
8/3/2012,606.74,12318600
8/6/2012,613.49,10789400
8/7/2012,611.88,10373100
8/8/2012,610.84,8739500
8/9/2012,614.33,7915800
8/10/2012,615.29,6962100
8/13/2012,623.5,9958300
8/14/2012,625.17,12148900
8/15/2012,624.32,9190800
8/16/2012,629.78,9090500
8/17/2012,641.43,15812900
8/20/2012,658.29,21906600
8/21/2012,649.29,29025700
8/22/2012,661.97,20190100
8/23/2012,655.8,15004600
8/24/2012,656.38,15619300
8/27/2012,668.71,15250300
8/28/2012,667.84,9550600
8/29/2012,666.52,7243100
8/30/2012,657.02,10810700
8/31/2012,658.38,12082900
9/4/2012,668.01,13139000
9/5/2012,663.32,12013400
9/6/2012,669.29,13971300
9/7/2012,673.42,11773800
9/10/2012,655.9,17428500
9/11/2012,653.78,17999400
9/12/2012,662.88,25436900
9/13/2012,675.94,21370000
9/14/2012,684.15,21445500
9/17/2012,692.56,14215400
9/18/2012,694.67,13339400
9/19/2012,694.86,11674100
9/20/2012,691.49,12020300
9/21/2012,692.87,20413900
9/24/2012,683.66,22848800
9/25/2012,666.59,18528200
9/26/2012,658.32,20589400
9/27/2012,674.29,21217500
9/28/2012,660.22,19111100
10/1/2012,652.59,19414100
10/2/2012,654.49,22428300
10/3/2012,664.52,15152900
10/4/2012,659.92,13240200
10/5/2012,645.86,21214500
10/8/2012,631.59,22785500
10/9/2012,629.29,29949900
10/10/2012,634.3,18227000
10/11/2012,621.62,19502900
10/12/2012,623.21,16429100
10/15/2012,628.21,15446500
10/16/2012,643.09,19634700
10/17/2012,637.96,13894200
10/18/2012,626.11,17022300
10/19/2012,603.55,26574500
10/22/2012,627.49,19526100
10/23/2012,607.03,25255200
10/24/2012,610.47,19947400
10/25/2012,603.25,23440200
10/26/2012,597.77,36372600
10/31/2012,589.18,18214400
11/1/2012,590.39,12903500
11/2/2012,570.85,21406200
11/5/2012,578.59,18897700
11/6/2012,576.84,13389900
11/7/2012,554.77,28344600
11/8/2012,534.63,37719500
11/9/2012,543.89,33211200
11/12/2012,539.68,18421500
11/13/2012,539.75,19033900
11/14/2012,533.77,17041800
11/15/2012,522.57,28211100
11/16/2012,524.62,45246200
11/19/2012,562.45,29404200
11/20/2012,557.66,22955500
11/21/2012,558.45,13321500
11/23/2012,568.19,9743800
11/26/2012,586.11,22520700
11/27/2012,581.39,19047500
11/28/2012,579.56,18602300
11/29/2012,585.95,18382100
11/30/2012,581.89,13975700
12/3/2012,582.79,13010000
12/4/2012,572.51,19895300
12/5/2012,535.67,37308500
12/6/2012,544.07,42043300
12/7/2012,530.16,28108600
12/10/2012,526.75,22517300
12/11/2012,538.25,21155200
12/12/2012,535.88,17398000
12/13/2012,526.62,22330700
12/14/2012,506.84,36056400
12/17/2012,515.82,27057400
12/18/2012,530.81,22345900
12/19/2012,523.26,16048900
12/20/2012,518.71,17203200
12/21/2012,516.32,21295300
12/24/2012,517.16,6276900
12/26/2012,510.03,10801300
12/27/2012,512.08,16254300
12/28/2012,506.64,12652800
12/31/2012,529.09,23553300
1/2/2013,545.85,20018500
1/3/2013,538.96,12605900
1/4/2013,523.95,21226200
1/7/2013,520.86,17291300
1/8/2013,522.27,16382400
1/9/2013,514.1,14557300
1/10/2013,520.48,21469500
1/11/2013,517.29,12518100
1/14/2013,498.84,26221700
1/15/2013,483.1,31313300
1/16/2013,503.16,24671600
1/17/2013,499.77,16202800
1/18/2013,497.1,16890100
1/22/2013,501.85,16483800
1/23/2013,511.03,30768200
1/24/2013,447.89,52173300
1/25/2013,437.33,43143800
1/28/2013,447.22,28054200
1/29/2013,455.61,20398500
1/30/2013,454.18,14898400
1/31/2013,452.85,11404800
2/1/2013,450.99,19267300
2/4/2013,439.76,17039900
2/5/2013,455.19,20476700
2/6/2013,454.7,21203800
2/7/2013,468.22,25163600
2/8/2013,474.98,22612800
2/11/2013,479.93,18481800
2/12/2013,467.9,21751900
2/13/2013,467.01,16971700
2/14/2013,466.59,12688400
2/15/2013,460.16,13990900
2/19/2013,459.99,15563700
2/20/2013,448.85,17010800
2/21/2013,446.06,15970800
2/22/2013,450.81,11809100
2/25/2013,442.8,13306400
2/26/2013,448.97,17910700
2/27/2013,444.57,20976800
2/28/2013,441.4,11518400
3/1/2013,430.47,19730300
